{"cameraMode":{"drawMode":0,"name":"Shaded","section":"Shading Mode"},"sceneLighting":false,"audioPlay":false,"sceneViewState":{"showFog":true,"showMaterialUpdate":false,"showSkybox":false,"showFlares":true,"showImageEffects":true,"showParticleSystems":true},"in2DMode":false,"pivot":{"x":0.28999996185302737,"y":-2.700000047683716,"z":-0.078820139169693},"rotation":{"x":0.2394116371870041,"y":-0.01951107196509838,"z":0.004812223371118307,"w":0.9707102179527283},"size":4.958380222320557,"orthographic":false}